Model,Accuracy,F1,ROC_AUC
LogisticRegression,0.7295600040646276,0.33534788472104293,0.823509882129244
RandomForest,0.8113606340819023,0.3398293029871977,0.8006699949819839
